website,n_searches_found_on
xvideos.com,1625
pornhub.com,1573
xnxx.com,1468
xhamster.com,745
redtube.com,420
pinterest.com,367
boy18tube.com,255
youporn.com,240
sexygirlspics.com,226
shutterstock.com,200
gettyimages.com,178
dirtypornvids.com,170
youtube.com,158
hdgaytube.xxx,144
pornpics.com,137
latinapussypics.com,124
verygayboys.com,123
tumblr.com,119
twinkspornos.com,117
letmejerk.com,107
damplips.com,104
teennudegirls.com,100
gayboystube.com,97
spankbang.com,96
cuteboytube.com,95
agaysex.com,95
anybunny.tv,83
facebook.com,72
boymoviedome.com,71
porn.biz,70
kingtwinks.com,64
thumbzilla.com,62
chaturbate.com,61
asianbabepics.com,56
nudeblackporn.com,53
twitter.com,52
istockphoto.com,51
thechive.com,50
heavy-r.com,49
hqseek.com,49
nudelatinabeauties.com,47
amazon.com,46
gay0day.com,45
instagram.com,42
youporngay.com,42
manporn.xxx,42
nu-bay.com,41
xvideos2.com,41
stripchat.com,40
megapornx.com,39
alllatinapics.com,38
youjizz.com,37
123rf.com,37
nudelive.com,36
boyfriendtv.com,36
perfectgirls.net,34
bigfuck.tv,32
tube3.com,32
pinterest.ca,31
tubesafari.com,31
eporner.com,31
hnntube.com,30
apornstories.com,30
rabbitscams.sex,29
sensualgirls.org,28
nakedebonybabes.com,28
asexstories.com,27
thisvid.com,27
dreamstime.com,26
sex.com,26
xhamsterlive.com,26
bustypics.com,26
sxyprn.com,25
tastyblacks.com,25
bilatinmen.com,25
boyself.com,25
redwap.me,24
chubbygirlpics.com,24
camsoda.com,24
bongacams.com,24
tube8.com,23
depositphotos.com,23
freelatinapics.com,23
pinterest.ph,22
247asiansex.com,22
nakedpornpics.com,22
nudevista.com,21
pichunter.com,21
chinesemilf.com,21
quora.com,20
foxporns.com,20
ebony-beauty.com,20
reddit.com,19
sexy-photos.net,19
coedcherry.com,19
daftsex.com,18
ebony8.com,18
alamy.com,17
bustypassion.com,17
twinkybf.com,17
bestmalevideos.com,17
prettynubiles.com,17
wikipedia.org,16
luxasian.com,16
gayfuror.com,16
xnxx.es,16
nakedblackbabes.pics,16
sgirls.net,16
blacked.com,15
hqporner.com,15
cam4.com,15
xvideos.es,15
youngerasiangirl.net,15
tumbex.com,15
youx.xxx,14
pinterest.com.au,14
xtube.com,14
latina.com,14
xl-porn.com,14
thegay.porn,14
amateurgirlshot.com,14
ebonygirls.sexy,14
boobsgirls.com,13
gayporno.fm,13
cumlouder.com,13
pexels.com,13
tenor.com,13
pinterest.com.mx,12
imdb.com,12
curvyerotic.com,12
unsplash.com,12
ebonynudepictures.com,12
popsugar.com,12
youngpornvideos.com,12
xvidzz.com,11
etsy.com,11
boysexclip.com,11
pinterest.co.uk,11
weheartit.com,11
gayboydick.com,11
blackteenpictures.com,11
nakedpapis.com,11
hotebonytube.com,11
xxxpicz.com,11
met-nude.com,10
fap18.net,10
nytimes.com,10
stylecraze.com,10
nudexxxgay.com,10
gayboyporn.tv,10
nudeblackgirlfriend.com,10
allteensnude.net,10
milffox.com,9
playvids.com,9
biguz.net,9
xasiat.com,9
nakedasiangirl.net,9
girlsofdesire.org,9
livejasmin.com,9
cosmopolitan.com,9
nudeblackgirlsphotos.com,9
realnakedgirls.net,9
peekvids.com,9
viewgals.com,9
nudeteenboys.net,9
asian-boy-models.com,8
wegayboys.com,8
fullxxxvideos.net,8
naked-asian.com,8
latinachicks.com,8
blackbuttpictures.com,8
latinabuttpics.com,8
latinaporn.sexy,8
allasianpics.com,7
pinterest.es,7
lesbianpornvideos.com,7
pornsos.com,7
thegay.com,7
tubedna.com,7
pornjam.com,7
besthugecocks.com,7
anyporn.com,7
worldsex.com,7
nakedteengirls.org,7
pornhd.com,7
anysex.com,7
nerdnudes.com,7
dbnaked.com,7
pornflip.com,7
101hotguys.com,7
pinterest.fr,7
watchmygf.me,6
nextshark.com,6
hotnakedasians.com,6
asianpornmovies.com,6
blogspot.com,6
surfgayvideo.com,6
pinterest.nz,6
aliexpress.com,6
xfantazy.com,6
