website,n_searches_found_on,identifies_as_porn
xvideos.com,1625,TRUE
pornhub.com,1573,TRUE
xnxx.com,1468,TRUE
xhamster.com,745,TRUE
redtube.com,420,TRUE
pinterest.com,367,FALSE
boy18tube.com,255,TRUE
youporn.com,240,TRUE
sexygirlspics.com,226,TRUE
shutterstock.com,200,FALSE
gettyimages.com,178,FALSE
dirtypornvids.com,170,TRUE
youtube.com,158,FALSE
hdgaytube.xxx,144,TRUE
pornpics.com,137,TRUE
latinapussypics.com,124,TRUE
verygayboys.com,123,TRUE
tumblr.com,119,FALSE
twinkspornos.com,117,TRUE
letmejerk.com,107,TRUE
damplips.com,104,TRUE
teennudegirls.com,100,TRUE
gayboystube.com,97,TRUE
spankbang.com,96,TRUE
cuteboytube.com,95,TRUE
agaysex.com,95,TRUE
anybunny.tv,83,TRUE
facebook.com,72,FALSE
boymoviedome.com,71,TRUE
porn.biz,70,TRUE
kingtwinks.com,64,TRUE
thumbzilla.com,62,TRUE
chaturbate.com,61,FALSE
asianbabepics.com,56,TRUE
nudeblackporn.com,53,TRUE
twitter.com,52,FALSE
istockphoto.com,51,FALSE
thechive.com,50,FALSE
heavy-r.com,49,TRUE
hqseek.com,49,TRUE
nudelatinabeauties.com,47,FALSE
amazon.com,46,FALSE
gay0day.com,45,TRUE
instagram.com,42,FALSE
youporngay.com,42,TRUE
manporn.xxx,42,TRUE
nu-bay.com,41,TRUE
xvideos2.com,41,TRUE
stripchat.com,40,FALSE
megapornx.com,39,TRUE
alllatinapics.com,38,TRUE
youjizz.com,37,TRUE
123rf.com,37,FALSE
nudelive.com,36,TRUE
boyfriendtv.com,36,TRUE
perfectgirls.net,34,TRUE
bigfuck.tv,32,TRUE
tube3.com,32,TRUE
pinterest.ca,31,FALSE
tubesafari.com,31,TRUE
eporner.com,31,TRUE
hnntube.com,30,TRUE
apornstories.com,30,TRUE
rabbitscams.sex,29,FALSE
sensualgirls.org,28,TRUE
nakedebonybabes.com,28,TRUE
asexstories.com,27,TRUE
thisvid.com,27,TRUE
dreamstime.com,26,FALSE
sex.com,26,TRUE
xhamsterlive.com,26,TRUE
bustypics.com,26,TRUE
sxyprn.com,25,TRUE
tastyblacks.com,25,TRUE
bilatinmen.com,25,TRUE
boyself.com,25,FALSE
redwap.me,24,TRUE
chubbygirlpics.com,24,TRUE
camsoda.com,24,TRUE
bongacams.com,24,TRUE
tube8.com,23,TRUE
depositphotos.com,23,FALSE
freelatinapics.com,23,TRUE
pinterest.ph,22,FALSE
247asiansex.com,22,TRUE
nakedpornpics.com,22,TRUE
nudevista.com,21,TRUE
pichunter.com,21,TRUE
chinesemilf.com,21,TRUE
quora.com,20,FALSE
foxporns.com,20,TRUE
ebony-beauty.com,20,TRUE
reddit.com,19,FALSE
sexy-photos.net,19,TRUE
coedcherry.com,19,TRUE
daftsex.com,18,FALSE
ebony8.com,18,TRUE
alamy.com,17,FALSE
bustypassion.com,17,TRUE
twinkybf.com,17,TRUE
bestmalevideos.com,17,TRUE
prettynubiles.com,17,TRUE
wikipedia.org,16,FALSE
luxasian.com,16,FALSE
gayfuror.com,16,TRUE
xnxx.es,16,TRUE
nakedblackbabes.pics,16,FALSE
sgirls.net,16,TRUE
blacked.com,15,FALSE
hqporner.com,15,TRUE
cam4.com,15,TRUE
xvideos.es,15,TRUE
youngerasiangirl.net,15,TRUE
tumbex.com,15,FALSE
youx.xxx,14,TRUE
pinterest.com.au,14,FALSE
xtube.com,14,TRUE
latina.com,14,FALSE
xl-porn.com,14,TRUE
thegay.porn,14,TRUE
amateurgirlshot.com,14,TRUE
ebonygirls.sexy,14,FALSE
boobsgirls.com,13,FALSE
gayporno.fm,13,TRUE
cumlouder.com,13,TRUE
pexels.com,13,FALSE
tenor.com,13,FALSE
pinterest.com.mx,12,FALSE
imdb.com,12,FALSE
curvyerotic.com,12,TRUE
unsplash.com,12,FALSE
ebonynudepictures.com,12,TRUE
popsugar.com,12,FALSE
youngpornvideos.com,12,TRUE
xvidzz.com,11,TRUE
etsy.com,11,FALSE
boysexclip.com,11,TRUE
pinterest.co.uk,11,FALSE
weheartit.com,11,FALSE
gayboydick.com,11,TRUE
blackteenpictures.com,11,TRUE
nakedpapis.com,11,TRUE
hotebonytube.com,11,TRUE
xxxpicz.com,11,TRUE
met-nude.com,10,FALSE
fap18.net,10,TRUE
nytimes.com,10,FALSE
stylecraze.com,10,FALSE
nudexxxgay.com,10,TRUE
gayboyporn.tv,10,TRUE
nudeblackgirlfriend.com,10,FALSE
allteensnude.net,10,FALSE
milffox.com,9,TRUE
playvids.com,9,TRUE
biguz.net,9,TRUE
xasiat.com,9,TRUE
nakedasiangirl.net,9,TRUE
girlsofdesire.org,9,TRUE
livejasmin.com,9,FALSE
cosmopolitan.com,9,FALSE
nudeblackgirlsphotos.com,9,TRUE
realnakedgirls.net,9,TRUE
peekvids.com,9,TRUE
viewgals.com,9,TRUE
nudeteenboys.net,9,TRUE
asian-boy-models.com,8,FALSE
wegayboys.com,8,TRUE
fullxxxvideos.net,8,TRUE
naked-asian.com,8,TRUE
latinachicks.com,8,TRUE
blackbuttpictures.com,8,FALSE
latinabuttpics.com,8,TRUE
latinaporn.sexy,8,TRUE
allasianpics.com,7,TRUE
pinterest.es,7,FALSE
lesbianpornvideos.com,7,TRUE
pornsos.com,7,TRUE
thegay.com,7,TRUE
tubedna.com,7,TRUE
pornjam.com,7,TRUE
besthugecocks.com,7,TRUE
anyporn.com,7,TRUE
worldsex.com,7,TRUE
nakedteengirls.org,7,TRUE
pornhd.com,7,TRUE
anysex.com,7,TRUE
nerdnudes.com,7,TRUE
dbnaked.com,7,TRUE
pornflip.com,7,TRUE
101hotguys.com,7,FALSE
pinterest.fr,7,FALSE
watchmygf.me,6,TRUE
nextshark.com,6,FALSE
hotnakedasians.com,6,FALSE
asianpornmovies.com,6,TRUE
blogspot.com,6,FALSE
surfgayvideo.com,6,FALSE
pinterest.nz,6,FALSE
aliexpress.com,6,FALSE
xfantazy.com,6,TRUE